{
  "clean": {
    "0.0": [
      679.4704112337012,
      0.0
    ]
  },
  "node_mask": {
    "0.0": [
      679.4704112337012,
      0.0
    ],
    "0.1": [
      659.9023737880308,
      1.4572934121084846
    ],
    "0.2": [
      638.9299231026413,
      3.0284106651196376
    ],
    "0.3": [
      615.9041792042796,
      5.905263821369629
    ]
  },
  "edge_drop": {
    "0.0": [
      679.4704112337012,
      0.0
    ],
    "0.1": [
      659.6927449013708,
      2.6605147149501014
    ],
    "0.2": [
      657.019124038783,
      1.5202688905570765
    ],
    "0.3": [
      652.4466733533934,
      2.3182570399235916
    ]
  },
  "feat_noise": {
    "0.0": [
      661.4073553995319,
      0.5196510341502679
    ],
    "0.1": [
      661.4073553995319,
      0.5196510341502679
    ],
    "0.2": [
      661.4073553995319,
      0.5196510341502679
    ],
    "0.3": [
      661.4073553995319,
      0.5196510341502679
    ]
  }
}