{
  "clean": {
    "node_mask": {
      "0.0": [
        599.7957204948178,
        0.0
      ],
      "0.1": [
        562.3727181544634,
        13.276637310495033
      ],
      "0.2": [
        558.9761952524238,
        11.31990830099629
      ],
      "0.3": [
        540.5171514543631,
        8.105054545097325
      ]
    },
    "edge_drop": {
      "0.0": [
        599.7957204948178,
        0.0
      ],
      "0.1": [
        552.0197927114679,
        10.248014017496558
      ],
      "0.2": [
        534.0665997993982,
        9.74314652429668
      ],
      "0.3": [
        525.2845202273486,
        3.913425365044949
      ]
    }
  },
  "node_mask": {
    "node_mask": {
      "0.0": [
        567.0942828485456,
        0.0
      ],
      "0.1": [
        567.3840187228351,
        4.8055637987646875
      ],
      "0.2": [
        586.5232363757941,
        7.715030307028897
      ],
      "0.3": [
        578.7127382146439,
        8.309100383735972
      ]
    },
    "edge_drop": {
      "0.0": [
        567.0942828485456,
        0.0
      ],
      "0.1": [
        580.5414242728185,
        5.548462874163141
      ],
      "0.2": [
        581.849281176864,
        10.149544815870563
      ],
      "0.3": [
        561.5524573721162,
        5.329838375940056
      ]
    }
  },
  "edge_drop": {
    "node_mask": {
      "0.0": [
        668.3152791708459,
        0.0
      ],
      "0.1": [
        648.3471079906385,
        7.064301987104992
      ],
      "0.2": [
        642.5899030424607,
        6.442687989878964
      ],
      "0.3": [
        632.788966900702,
        7.737104035700776
      ]
    },
    "edge_drop": {
      "0.0": [
        668.3152791708459,
        0.0
      ],
      "0.1": [
        653.216984286192,
        12.08357591727925
      ],
      "0.2": [
        631.1277833500502,
        8.204043709858688
      ],
      "0.3": [
        616.0311601471079,
        7.997826117121184
      ]
    }
  }
}