{
  "node_mask": {
    "0.0": [
      324.6363109048724,
      0.0
    ],
    "0.05": [
      324.6363109048724,
      0.0
    ],
    "0.1": [
      314.25019334880125,
      2.81310467420617
    ],
    "0.15": [
      314.25019334880125,
      2.81310467420617
    ],
    "0.2": [
      310.03209590100545,
      1.0575250110810166
    ],
    "0.25": [
      307.1780742459397,
      2.066229561127939
    ],
    "0.3": [
      307.1780742459397,
      2.066229561127939
    ]
  },
  "edge_drop": {
    "0.0": [
      324.6363109048724,
      0.0
    ],
    "0.05": [
      311.2521268368136,
      1.2348255060702755
    ],
    "0.1": [
      311.2474864655839,
      2.6768095304633635
    ],
    "0.15": [
      311.7032095901006,
      0.642004962943382
    ],
    "0.2": [
      309.2989172467131,
      0.817157594303218
    ],
    "0.25": [
      306.79930394431557,
      0.1869891840963593
    ],
    "0.3": [
      306.57231245166275,
      0.5584238073096752
    ]
  }
}