{
  "Clean": [
    324.6363109048724,
    0.0
  ],
  "Sensor only (20%)": [
    307.6345707656613,
    3.3964807570603
  ],
  "Comm only (20%)": [
    309.4508894044857,
    0.8737067999668228
  ],
  "Mixed (10%+10%)": [
    306.9574632637278,
    1.7120166530811107
  ],
  "Mixed (20%+20%)": [
    306.2128770301624,
    0.6462291404217767
  ],
  "Mixed (15%+15%)": [
    307.434841453983,
    0.5872030150891008
  ]
}