{
  "1": {
    "0.0": [
      362.57192575406026,
      5.684341886080802e-14
    ],
    "0.1": [
      354.7685614849188,
      0.8158613337823845
    ],
    "0.2": [
      344.4860788863109,
      0.7435685112947662
    ],
    "0.3": [
      339.4682907965971,
      2.3295161062198875
    ]
  },
  "4": {
    "0.0": [
      328.1919953596288,
      0.0
    ],
    "0.1": [
      307.5433101314772,
      1.4857117901819499
    ],
    "0.2": [
      303.15893271461715,
      1.717118218040204
    ],
    "0.3": [
      305.1568058778036,
      2.6257971552668726
    ]
  }
}