{
  "clean": {
    "node_mask@0.0": [
      324.6363109048724,
      0.0
    ],
    "node_mask@0.1": [
      314.25019334880125,
      2.81310467420617
    ],
    "node_mask@0.2": [
      310.03209590100545,
      1.0575250110810166
    ],
    "node_mask@0.3": [
      307.1780742459397,
      2.066229561127939
    ],
    "edge_drop@0.0": [
      324.6363109048724,
      0.0
    ],
    "edge_drop@0.1": [
      311.2474864655839,
      2.6768095304633635
    ],
    "edge_drop@0.2": [
      309.2989172467131,
      0.817157594303218
    ],
    "edge_drop@0.3": [
      306.57231245166275,
      0.5584238073096752
    ]
  },
  "mixed_robust": {
    "node_mask@0.0": [
      359.9744779582367,
      5.684341886080802e-14
    ],
    "node_mask@0.1": [
      352.2625676720804,
      1.7465886112981066
    ],
    "node_mask@0.2": [
      343.8321732405259,
      1.5501187364003406
    ],
    "node_mask@0.3": [
      346.05394431554527,
      2.9105982182305152
    ],
    "edge_drop@0.0": [
      359.9744779582367,
      5.684341886080802e-14
    ],
    "edge_drop@0.1": [
      343.67962103634954,
      1.315130887922065
    ],
    "edge_drop@0.2": [
      348.1210363495746,
      2.9322192847486135
    ],
    "edge_drop@0.3": [
      343.07269914926525,
      6.215861005199912
    ]
  }
}