{
  "node_mask": {
    "0.0": [
      309.7986206896552,
      0.0
    ],
    "0.1": [
      301.62896551724134,
      1.2027586206896501
    ],
    "0.2": [
      297.64137931034486,
      1.2868965517241406
    ],
    "0.3": [
      298.32620689655175,
      0.4434482758620959
    ]
  },
  "edge_drop": {
    "0.0": [
      309.7986206896552,
      0.0
    ],
    "0.1": [
      290.9386206896552,
      0.1510344827586323
    ],
    "0.2": [
      285.5158620689655,
      0.03034482758621948
    ],
    "0.3": [
      278.2337931034483,
      1.2199999999999989
    ]
  }
}